{
  "foods": [
    { 
      "id": "1",
      "name":  "Strogonoff",
      "total_ingredients": "4",
      "time": 40,
      "cover": "https://i.imgur.com/or7Phgi.jpeg",
      "video":"https://www.youtube.com/watch?v=y9yKuT1m9LI",
      "ingredients": [
        {
          "id": "1",
          "name": "Carne Patinho",
          "amount": "400g"
        },
        {
          "id": "2",
          "name": "Arroz branco",
          "amount": "2 xícaras"
        },
        {
          "id": "3",
          "name": "Molho de tomate",
          "amount": "1 pacote 150g"
        },
        {
          "id": "4",
          "name": "Creme de leite",
          "amount": "1 caixa"
        }
      ],
      "instructions": [
        {
          "id": "1",
          "text": "Em uma panela, misture a carne, o alho, a maionese, o sal e a pimenta."
        },
        {
          "id": "2",
          "text": "Em uma frigideira grande, derreta a manteiga e doure a cebola."
        },
        {
          "id": "3",
          "text": "Junte o frango temperado até que esteja dourado."
        },
        {
          "id": "4",
          "text": "Adicione os cogumelos, o ketchup e a mostarda."
        },
        {
          "id": "5",
          "text": "Incorpore o creme de leite e retire do fogo antes de ferver."
        },
        {
          "id": "6",
          "text": "Sirva com arroz branco e batata palha."
        }
      ]
    },
    { 
      "id": "2",
      "name": "Strogonoff Frango",
      "total_ingredients": "5",
      "time": 60,
      "cover": "https://i.imgur.com/ITYi8kH.png",
      "video":"https://www.youtube.com/watch?v=y9yKuT1m9LI",
      "ingredients": [
        {
          "id": "1",
          "name": "Frango (patinho)",
          "amount": "700g"
        },
        {
          "id": "2",
          "name": "Arroz branco",
          "amount": "2 xícaras"
        },
        {
          "id": "3",
          "name": "Molho de tomate",
          "amount": "1 pacote 150g"
        },
        {
          "id": "4",
          "name": "Creme de leite",
          "amount": "1 caixa"
        },
        {
          "id": "5",
          "name": "Ketchup",
          "amount": "1 colher (chá)"
        }
      ],
      "instructions": [
        {
          "id": "1",
          "text": "Em uma panela, misture o frango, o alho, a maionese, o sal e a pimenta."
        },
        {
          "id": "2",
          "text": "Em uma frigideira grande, derreta a manteiga e doure a cebola."
        },
        {
          "id": "3",
          "text": "Junte o frango temperado até que esteja dourado."
        },
        {
          "id": "4",
          "text": "Adicione os cogumelos, o ketchup."
        },
        {
          "id": "5",
          "text": "Incorpore o creme de leite e retire do fogo antes de ferver."
        },
        {
          "id": "6",
          "text": "Sirva com arroz branco e batata palha."
        }
      ]
    },
    { 
      "id": "3",
      "name":  "Pizza calabresa",
      "total_ingredients": "6",
      "time": 120,
      "cover": "https://i.imgur.com/MRaJXNH.jpg",
      "video":"https://youtu.be/AexaqeVdkF0",
      "ingredients": [
        {
          "id": "1",
          "name": "Massa de pizza",
          "amount": "1"
        },
        {
          "id": "2",
          "name": "Molho de tomate",
          "amount": "1 pacote 250g"
        },
        {
          "id": "3",
          "name": "Queijo",
          "amount": "350g"
        },
        {
          "id": "4",
          "name": "Calabresa",
          "amount": "300g"
        },
        {
          "id": "5",
          "name": "Orégano",
          "amount": "À gosto"
        },
        {
          "id": "6",
          "name": "Cebola",
          "amount": "À gosto"
        }
      ],
      "instructions": [
        {
          "id": "1",
          "text": "Passe o molho de toma em cima da massa com uma colher."
        },
        {
          "id": "2",
          "text": "Coloque o queijo sobre toda massa."
        },
        {
          "id": "3",
          "text": "Adicione a calabesa sobre o queijo."
        },
        {
          "id": "4",
          "text": "Coloque as cebolas cortadas em rodelas sobre a pizza."
        },
        {
          "id": "5",
          "text": "Adicione orégano (à gosto)."
        },
        {
          "id": "6",
          "text": "Leve ao forno quente em torno de 15 a 20 minutos."
        }
      ]
    },
    { 
      "id": "4",
      "name":  "Massa de Pastel",
      "total_ingredients": "6",
      "time": 30,
      "cover": "https://i.imgur.com/HUEssUh.jpg",
      "video":"https://www.youtube.com/watch?v=y9yKuT1m9LI",
      "ingredients": [
        {
          "id": "1",
          "name": "Farinha de trigo",
          "amount": "1kg"
        },
        {
          "id": "2",
          "name": "Óleo",
          "amount": "1/2 xícara (chá)"
        },
        {
          "id": "3",
          "name": "Sal",
          "amount": "1 colher sopa"
        },
        {
          "id": "4",
          "name": "Vinagre",
          "amount": "1 colher (chá)"
        },
        {
          "id": "5",
          "name": "Ovo",
          "amount": "1"
        },
        {
          "id": "6",
          "name": "Água",
          "amount": "250 ml"
        }
      ],
      "instructions": [
        {
          "id": "1",
          "text": "Misture os ingredientes em uma tigela e amasse com as mãos."
        },
        {
          "id": "2",
          "text": "Sove bem a massa sobre uma superfície lisa enfarinhada."
        },
        {
          "id": "3",
          "text": "Utilize um rolo para esticar a massa e deixá-la na espessura desejada."
        },
        {
          "id": "4",
          "text": "Corte a massa no tamanho que quiser fazer os pastéis."
        },
        {
          "id": "5",
          "text": "Recheie de acordo com a sua preferência."
        },
        {
          "id": "6",
          "text": "Frite em óleo bem quente."
        }
      ]
    },
    { 
      "id": "5",
      "name":  "Pudim de leite condensado",
      "total_ingredients": "5",
      "time": 65,
      "cover": "https://i.imgur.com/24tEgVo.jpg",
      "video":"https://youtu.be/0MJep0plDlw",
      "ingredients": [
        {
          "id": "1",
          "name": "Leite condensado",
          "amount": "1 lata"
        },
        {
          "id": "2",
          "name": "Leite",
          "amount": "1 (mesmo tamanho do leite condesado)"
        },
        {
          "id": "3",
          "name": "Ovos",
          "amount": "3 ovos inteiros"
        },
        {
          "id": "4",
          "name": "Açúcar",
          "amount": "1 xícara (chá)"
        },
        {
          "id": "5",
          "name": "Água",
          "amount": "1/2 xícara"
        }
      ],
      "instructions": [
        {
          "id": "1",
          "text": "Primeiro, bata bem os ovos no liquidificador."
        },
        {
          "id": "2",
          "text": "Acrescente o leite condensado e o leite, e bata novamente."
        },
        {
          "id": "3",
          "text": "Derreta o açúcar na panela até ficar moreno, acrescente a água e deixe engrossar."
        },
        {
          "id": "4",
          "text": "Coloque em uma forma redonda e despeje a massa do pudim por cima."
        },
        {
          "id": "5",
          "text": "Asse em forno médio por 45 minutos, com a assadeira redonda dentro de uma maior com água."
        },
        {
          "id": "6",
          "text": "Espete um garfo para ver se está bem assado."
        },
        {
          "id": "7",
          "text": "Deixe esfriar e desenforme."
        }
      ]
    },
    { 
      "id": "6",
      "name":  "Pizza frango com catupiry",
      "total_ingredients": "5",
      "time": 60,
      "cover": "https://i.imgur.com/Tox2VkT.jpg",
      "video":"https://youtu.be/EPD2igRTnfw",
      "ingredients": [
        {
          "id": "1",
          "name": "File peito de frango",
          "amount": "400g"
        },
        {
          "id": "2",
          "name": "Orégano",
          "amount": "4 colheres chá"
        },
        {
          "id": "3",
          "name": "Catupiry",
          "amount": "250g"
        },
        {
          "id": "4",
          "name": "Queijo mussarela",
          "amount": "400g"
        },
        {
          "id": "5",
          "name": "Sal",
          "amount": "à gosto"
        }
      ],
      "instructions": [
        {
          "id": "1",
          "text": "Cozinhe o Filé de peito DaGranja Seara em uma panela com água e sal. Quando estiver pronto, retire, desfie e tempere com sal, pimenta e salsinha."
        },
        {
          "id": "2",
          "text": "Espalhe o molho de tomate na massa de pizza cobrindo todo o disco."
        },
        {
          "id": "3",
          "text": "Espalhe o frango desfiado pela pizza."
        },
        {
          "id": "4",
          "text": "Coloque o catupiry em um saco de confeiteiro ou um saco plástico com furo na ponta e espalhe o queijo pela pizza. Você pode distribuir em espiral ou em linhas horizontais e verticais."
        },
        {
          "id": "5",
          "text": "Leve a pizza de frango com catupiry ao forno preaquecido até a massa dourar levemente embaixo e o catupiry derreter."
        }
      ]
    }
  ]
}